imgName,title,detailUrl,saleCount,price,gmv30day,time
s-l225.jpg,跨境汽摩船双口usb智能快充 双QC3.0车载改装充电器12V24智能车充,https://detail.1688.com/offer/587191190905.html,16616,23.00,7000,2021-11-30 16:52:59
s-l225.jpg,汽车摩托/船 双USB车载手机充电器改装双光圈4.2A+双光圈4.2A,https://detail.1688.com/offer/608949326265.html,200,46.00,2000,2021-11-30 16:52:59
s-l225.jpg,改装车充带灯色指示灯组合款面板母座电压表4.2A双口车充带盖,https://detail.1688.com/offer/651265454122.html,85,17.00,1000,2021-11-30 16:52:59
s-l225.jpg,汽车房车改装配件双usb3.1A带光圈车载改装充电器东莞汽配件厂家,https://detail.1688.com/offer/558399387150.html,24303,15.00,800,2021-11-30 16:52:59
s-l225.jpg,2020新品3.1A带单光圈车载手机充电器汽车摩托车船舶改装车充配件,https://detail.1688.com/offer/565432396986.html,774,15.00,40,2021-11-30 16:52:59
s-l225.jpg,汽车摩托车车用车载usb改装接口 车充点烟器母座12v手机充电器,https://detail.1688.com/offer/655860054592.html,6,30.00,1,2021-11-30 16:52:59
s-l225.jpg,汽车改装双USB车充4.2A车载手机充电器12V彩屏电压表房车改装配件,https://detail.1688.com/offer/576010711192.html,22,65.00,0,2021-11-30 16:52:59
s-l225.jpg,20018新款房车汽车4.2A车充双usb车载手机充电器双光圈改装配件,https://detail.1688.com/offer/565609682211.html,876,18.00,0,2021-11-30 16:52:59
s-l225.jpg,供应汽车摩托车改装USB车充车载手机充电器白色LED灯5V4.2A双光圈,https://detail.1688.com/offer/559660854502.html,10226,18.00,0,2021-11-30 16:52:59
s-l225.jpg,改装双usb快速车充QC30车载充电器12v24v智能快充单光圈包邮,https://detail.1688.com/offer/653463583051.html,0,33.65,0,2021-11-30 16:52:59
s-l225.jpg,圆型认证船舶汽车用5V 4.2A 款带环形橙光LED灯 双USB车充,https://detail.1688.com/offer/634842061952.html,0,25.00,0,2021-11-30 16:52:59
s-l225.jpg,汽车摩托车改装点烟器双USB车充手机充电器电压表组合12-24V,https://detail.1688.com/offer/562640171526.html,0,46.00,0,2021-11-30 16:52:59
s-l225.jpg,汽车摩托车车用车载usb改装接口 车充点烟器母座12v手机充电器,https://detail.1688.com/offer/652906193644.html,0,31.00,0,2021-11-30 16:52:59
s-l225.jpg,迈宇改装12-24V带灯5V 3.1A新款双USB车充  车载手机充电器双光圈,https://detail.1688.com/offer/555987056219.html,32,30.00,0,2021-11-30 16:52:59
s-l225.jpg,绚丽款汽车游艇大巴车改装车充 5V 1A+2.1A双光圈双usb车载充电器,https://detail.1688.com/offer/550564078926.html,0,30.00,0,2021-11-30 16:52:59
s-l225.jpg,汽车摩托船舶房车改装双USB车充双光圈新款4.2车载手机usb充电器,https://detail.1688.com/offer/562521948688.html,522,18.00,0,2021-11-30 16:52:59
s-l225.jpg,汽车摩托车房车船4.2A车充双USB车载双光圈手机充电器改装,https://detail.1688.com/offer/584158643672.html,0,18.00,0,2021-11-30 16:52:59
s-l225.jpg,工厂直销 汽车摩托船房车车载充 4.2A双光圈双USB车充 加60cm线,https://detail.1688.com/offer/610113043655.html,4,19.00,0,2021-11-30 16:52:59
s-l225.jpg,工厂直销 汽车摩托车房车船 4.2A带光圈双USB 车载充电器,https://detail.1688.com/offer/607770367788.html,2,17.00,0,2021-11-30 16:52:59
s-l225.jpg,USB connector 12V to 5V 12-24V USB charger motorcycle dual U,https://detail.1688.com/offer/652767946037.html,0,25.11,0,2021-11-30 16:52:59
s-l225.jpg,汽车摩托车改装 5V 3.1A车充 车载点烟器USB插座 带灯双USB充电器,https://detail.1688.com/offer/535462897689.html,59905,20.00,0,2021-11-30 16:52:59
s-l225.jpg,摩托车踏板车汽车改装配件取电 双USB改装车载充电器USB车充12V,https://detail.1688.com/offer/529031300077.html,4190,25.00,0,2021-11-30 16:52:59
s-l225.jpg,厂家直销新品汽车改装车充 双口USB4.2A车载充电器 铝合金外壳HL,https://detail.1688.com/offer/588779077966.html,0,28.00,0,2021-11-30 16:52:59
s-l225.jpg,汽房车改装双USB车充带光圈+电压表+取电坐组合五色可选3.1A,https://detail.1688.com/offer/608708290361.html,2535,42.00,0,2021-11-30 16:52:59
s-l225.jpg,汽车摩托车房车船4.2A车充双USB车载双光圈手机充电器改装配件,https://detail.1688.com/offer/568810745038.html,0,25.00,0,2021-11-30 16:52:59
s-l225.jpg,汽车摩托车房车船2.1A车充双USB车载手机充电器改装DIY,https://detail.1688.com/offer/542049831466.html,0,15.00,0,2021-11-30 16:52:59
s-l225.jpg,厂家直销新品汽车改装经典黑色合金外壳车充 USB双2.1A车载充电器,https://detail.1688.com/offer/588940110194.html,0,28.00,0,2021-11-30 16:52:59
s-l225.jpg,厂家直销新品汽车改装宝蓝合金外壳双口车充 USB2.1A车载充电器,https://detail.1688.com/offer/588580740386.html,0,28.00,0,2021-11-30 16:52:59
s-l225.jpg,迈宇厂家 汽车摩托车房车游艇双USB车载充电器4.2A改装 双光圈,https://detail.1688.com/offer/554903371482.html,52646,23.00,0,2021-11-30 16:52:59
s-l225.jpg,汽车船艇摩托车手机充电器 双USB车充3.1A 红蓝绿橙白指示灯光,https://detail.1688.com/offer/528281446214.html,150,20.00,0,2021-11-30 16:52:59
s-l225.jpg,汽车摩托/房车船 双USB车载手机充电器改装配件双光圈YJ-DS2017,https://detail.1688.com/offer/558949843856.html,0,20.00,0,2021-11-30 16:52:59
s-l225.jpg,跨境热销12-24V汽车房车游艇通用改装双USB4.2A手机充电器升级款,https://detail.1688.com/offer/603186291633.html,35,22.00,0,2021-11-30 16:52:59
s-l225.jpg,船舶汽车用5V 4.2A CE认证带环形红光LED灯 双USB充电器,https://detail.1688.com/offer/542934960293.html,0,27.00,0,2021-11-30 16:52:59
s-l225.jpg,汽车摩托房车船用4.2A双USB手机充电器改装配件双光圈三色可选,https://detail.1688.com/offer/614148162351.html,0,15.65,0,2021-11-30 16:52:59
s-l225.jpg,汽车摩托车房车船用4.2A双USB车载手机充电器车充改装配件双光圈,https://detail.1688.com/offer/556017621460.html,231,20.00,0,2021-11-30 16:52:59
s-l225.jpg,12V/24V4.2A车载USB手机充电器彩屏电压表汽车/房车通用改装配件,https://detail.1688.com/offer/545553023766.html,405,63.00,0,2021-11-30 16:52:59
s-l225.jpg,汽摩船双口usb智能快充双QC3.0车载改装充电器12V24V光圈,https://detail.1688.com/offer/591766430843.html,51,25.00,0,2021-11-30 16:52:59
s-l225.jpg,12-24V双USB充电器带LED指示灯充电接口5V 3.1A可手机平板充电,https://detail.1688.com/offer/610336691847.html,0,23.00,0,2021-11-30 16:52:59
s-l225.jpg,跨境汽车摩托车房车船4.2A车充双USB车载双光圈手机充电器改装件,https://detail.1688.com/offer/649010144601.html,0,15.00,0,2021-11-30 16:52:59
s-l225.jpg,车载充电器公交大巴车充电器|沙发茶几家具手机双USB5v4.2a充电器,https://detail.1688.com/offer/565619064113.html,2635,19.00,0,2021-11-30 16:52:59
1.jpg,工厂私模type-c读卡器usb 3.0读卡器多合一适用苹果otg读卡器手机,https://detail.1688.com/offer/569628761043.html,477202,6.40,80000,2021-11-30 17:26:12
1.jpg,读卡器多功能OTG读卡器ABS现货USB多合一type-c手机读卡器tf配件,https://detail.1688.com/offer/554006833464.html,145294,11.80,20000,2021-11-30 17:26:12
1.jpg,适用苹果读卡器SD手机OTG读卡器四合一TYPE-C读卡器USB配件亚马逊,https://detail.1688.com/offer/631799137340.html,6341,17.40,8000,2021-11-30 17:26:12
1.jpg,厂家批发高速OTG安卓micro SD/SD卡/USB手机读卡TF相机读卡器2.0,https://detail.1688.com/offer/567079004168.html,12242,6.80,3000,2021-11-30 17:26:12
1.jpg,USB3.0高速读卡器TYPE-C手机平板电脑双用OTG SD/TF二合一读卡器,https://detail.1688.com/offer/658184395065.html,200,14.00,3000,2021-11-30 17:26:12
1.jpg,OTG读卡器 USB 2.0多功能读卡器SD卡 64G手机 TF读卡器 实力工厂,https://detail.1688.com/offer/565188147614.html,39527,6.50,1000,2021-11-30 17:26:12
1.jpg,OTG读卡器 micro SD/SD卡/USB手机读卡TF高速2.0二合一读卡器私模,https://detail.1688.com/offer/591554507835.html,1504,6.50,1000,2021-11-30 17:26:12
1.jpg,otg读卡器 micro SD/SD卡/USB手机读卡TF2.0读卡器,https://detail.1688.com/offer/550503415410.html,145835,7.00,700,2021-11-30 17:26:12
1.jpg,工厂直销usb读卡器多功能二合一读卡器高速手机tf读卡器读卡器tf,https://detail.1688.com/offer/653260482419.html,651,7.00,600,2021-11-30 17:26:12
1.jpg,新款私模type-c读卡器usb 3.0读卡器多合一适用苹果otg读卡器手机,https://detail.1688.com/offer/639964318525.html,92,7.50,200,2021-11-30 17:26:12
1.jpg,Type-C 3.1读卡器多合一读卡器安卓手机二合一俩用 OTG读卡器,https://detail.1688.com/offer/582400064775.html,298,6.25,100,2021-11-30 17:26:12
1.jpg,多功能读卡器三合一OTG读卡器SD卡 TF卡读卡器 USB/Type-C接口,https://detail.1688.com/offer/638039226497.html,63,9.00,100,2021-11-30 17:26:12
1.jpg,私模款 三合一读卡器 Type-c/USB/OTG手机读卡器 SD/TF存储卡,https://detail.1688.com/offer/612946546002.html,415,13.00,100,2021-11-30 17:26:12
1.jpg,2021 type-c读卡器三用OTG读卡器 TF手机USB读卡器USB-C三合一2.0,https://detail.1688.com/offer/565460671206.html,778,12.00,60,2021-11-30 17:26:12
1.jpg,type-c多功能读卡器usb 3.0适用苹果otg读卡器TF SD卡厂家直销,https://detail.1688.com/offer/584130811143.html,106,22.00,50,2021-11-30 17:26:12
1.jpg,电脑读卡器 SD/TF存储卡多功能OTG手机Micro USB读卡器 工厂批发,https://detail.1688.com/offer/599937451463.html,2658,6.50,20,2021-11-30 17:26:12
1.jpg,工厂私模type-c读卡器usb 3.0读卡器多合一适用苹果otg读卡器手机,https://detail.1688.com/offer/652189672362.html,3,8.52,0,2021-11-30 17:26:12
1.jpg,USB 2.0多功能读卡器OTG读卡器SD卡64G手机TF读卡器厂家直销,https://detail.1688.com/offer/583865081197.html,197,7.50,0,2021-11-30 17:26:12
1.jpg,Type-c安卓手机电脑三合一SD/TF读卡器usb-c平板OTG转换头,https://detail.1688.com/offer/570642496507.html,0,12.14,0,2021-11-30 17:26:12
1.jpg,安卓OTG读卡器 micro SD/SD卡/USB手机读卡TF高速2.0多功能读,https://detail.1688.com/offer/561717819261.html,126,8.50,0,2021-11-30 17:26:12
1.jpg,OTG读卡器micro SD/SD卡/USB手机读卡TF高速2.0多合一读卡器批发,https://detail.1688.com/offer/576451834639.html,28,8.50,0,2021-11-30 17:26:12
1.jpg,YC310工厂OTG读卡器USB 2.0读卡器SD卡64G手机TF读卡器私模,https://detail.1688.com/offer/638868450097.html,2,7.00,0,2021-11-30 17:26:12
1.jpg,USB OTG Card Reader Flash Drive 2.0 TF/SD  Android Computer,https://detail.1688.com/offer/627158277363.html,12,9.99,0,2021-11-30 17:26:12
1.jpg,OTG读卡器 micro SD/SD卡/USB手机读卡TF高速2.0多功能读卡器私模,https://detail.1688.com/offer/660353502329.html,0,7.40,0,2021-11-30 17:26:12
1.jpg,读卡器 多功能 适用USB type C安卓micro Usb otg SD TF sim4合一,https://detail.1688.com/offer/607069037748.html,165,12.74,0,2021-11-30 17:26:12
1.jpg,type-c多功能读卡器TF手机USB读卡器USB-C三合一OTG厂家直销,https://detail.1688.com/offer/583865349914.html,122,14.00,0,2021-11-30 17:26:12
1.jpg,type-c读卡器OTG读卡器USB三合一micro SD手机读卡器TF跨境,https://detail.1688.com/offer/617189742917.html,8,12.00,0,2021-11-30 17:26:12
1.jpg,type-c OTG读卡器 micro SD/SD卡/多功能读卡器 适用平果ma,https://detail.1688.com/offer/565451491618.html,355,14.00,0,2021-11-30 17:26:12
1.jpg,YC320 type-c读卡器OTG读卡器 TF手机USB读卡器USB-C三合一,https://detail.1688.com/offer/616774799479.html,0,13.50,0,2021-11-30 17:26:12
1.jpg,读卡器type-c读卡器usb 3.0读卡器tf相机sd读卡器,https://detail.1688.com/offer/582967234430.html,1041,28.00,0,2021-11-30 17:26:12
1.jpg,4 in 1 smart card reader for android otg card reader USB 2.0,https://detail.1688.com/offer/630510360064.html,0,14.90,0,2021-11-30 17:26:12
1.jpg,适用type-c 多功能OTG读卡器 micro SD/SD卡/多功能USB手机,https://detail.1688.com/offer/565304325822.html,25,14.00,0,2021-11-30 17:26:12
1.jpg,厂销批发 USB高速读卡器TYPE-C手机电脑双用OTG2.0 SD/TF二合一,https://detail.1688.com/offer/659090328466.html,0,18.88,0,2021-11-30 17:26:12
1.jpg,适用苹果type-c多功能usb读卡器otg手机智能三合一TF,https://detail.1688.com/offer/639190205053.html,25,11.50,0,2021-11-30 17:26:12
1.jpg,电脑安卓手机两用type-c多功能合一OTG读卡器迷你TF相机SD卡,https://detail.1688.com/offer/607907705155.html,577,12.00,0,2021-11-30 17:26:12
1.jpg,USB 2.0 OTG Micro SD/SDXC TF Card Reader Adapter U Disk drop,https://detail.1688.com/offer/620270753172.html,0,21.60,0,2021-11-30 17:26:12
1.jpg,适用于TYPE-C3.1多功能读卡器 USB-C三合一TF/SD读卡器多功能,https://detail.1688.com/offer/591491180273.html,50,12.00,0,2021-11-30 17:26:12
1.jpg,适用于TYPE-C3.1多功能读卡器 USB-C三合一TF/SD读卡器多功能,https://detail.1688.com/offer/639738175706.html,0,12.00,0,2021-11-30 17:26:12
1.jpg,Typec 读卡器 USB 读卡器 micro读卡器 三合一读卡TF SD cardread,https://detail.1688.com/offer/630352130013.html,950,12.50,0,2021-11-30 17:26:12
2.jpg,拼接器 4口拼接器 4K2*2拼接器 多屏宝,https://detail.1688.com/offer/580184692660.html,768,1200.00,210000,2021-11-30 17:27:52
2.jpg,USB TO RJ45 LAN百兆网卡USB网线接口转换器带3口2.0HUB扩展,https://detail.1688.com/offer/585547298108.html,12267,18.00,10000,2021-11-30 17:27:52
2.jpg,测莫桑石笔 钻石莫桑石 莫桑石检测仪 测钻笔 不带电池,https://detail.1688.com/offer/588860022326.html,8715,55.00,10000,2021-11-30 17:27:52
2.jpg,USB2.0转RJ45百兆网卡带3USB口 台式机笔记本以太网卡 厂家批发,https://detail.1688.com/offer/574183479082.html,2215,18.50,2000,2021-11-30 17:27:52
2.jpg,USB外接有线网卡 3USBHUB usb转RJ45网线接口免驱支持WIN10,https://detail.1688.com/offer/569292702843.html,1743,19.50,1000,2021-11-30 17:27:52
2.jpg,厂家热销USB3.0读卡器 SD/TF高速多功能双卡二合一读卡器,https://detail.1688.com/offer/541900273552.html,10406,12.00,1000,2021-11-30 17:27:52
2.jpg,KVM网线延长器KVM网络IP转rj4带USB鼠键 200米一对多usb光纤接口,https://detail.1688.com/offer/610962075542.html,352,420.00,300,2021-11-30 17:27:52
2.jpg,USB3.0读卡器多合一读卡器3.0高速SD/TF支持SDXC64G迷你小巧,https://detail.1688.com/offer/555406111178.html,2476,13.00,8,2021-11-30 17:27:52
2.jpg,工厂直销USB多功能3.0高速读卡器TF手机卡SD相机卡二合一数据传输,https://detail.1688.com/offer/623769511198.html,65,10.50,0,2021-11-30 17:27:52
2.jpg,3口HUB网卡 USB有线网卡 3口HUB USB网卡HUB USB转rj45接口有线网,https://detail.1688.com/offer/541045577844.html,2,16.00,0,2021-11-30 17:27:52
2.jpg,DM-HE29 RTL8152B micro usb 网卡 安卓平板电脑带OTG HUB集线器,https://detail.1688.com/offer/533283236470.html,1528,22.50,0,2021-11-30 17:27:52
2.jpg,usb网卡带3口hub usb to rj45 2.0有线网卡 百兆 RTL8152B 免驱动,https://detail.1688.com/offer/575446435271.html,0,19.00,0,2021-11-30 17:27:52
2.jpg,DM-HE17 RTL8152B迷你mini usb网卡带3口2.0 HUB OTG安卓电脑RJ45,https://detail.1688.com/offer/521799497532.html,0,26.25,0,2021-11-30 17:27:52
2.jpg,DM-HE16 亚信AX88772A 弯头Micro USB 网卡+3口 2.0 HUB 安卓OTG,https://detail.1688.com/offer/42924605338.html,1,43.50,0,2021-11-30 17:27:52
2.jpg,DM-HE24 RTL8152B 免驱USB2.0 网卡 带3口 HUB集线器有线外置网卡,https://detail.1688.com/offer/521824462457.html,627,22.12,0,2021-11-30 17:27:52
2.jpg,绿联读卡器多功能合一usb3.0高速内存tf/sd大卡安卓手机电脑U盘一,https://detail.1688.com/offer/651797435574.html,0,25.90,0,2021-11-30 17:27:52
2.jpg,绿联读卡器多合一万能usb3.0高速sd卡转换器U盘车载通用二合一,https://detail.1688.com/offer/577128309131.html,4,25.90,0,2021-11-30 17:27:52
2.jpg,DM-HE14 亚信AX88772A 迷你Mini USB 网卡 带3口HUB 安卓平板OTG,https://detail.1688.com/offer/42942368467.html,0,41.75,0,2021-11-30 17:27:52
2.jpg,USB免驱网卡HUB2.0集线器多功能一体台式机笔记本有线组合卡电脑,https://detail.1688.com/offer/563793331353.html,50,20.00,0,2021-11-30 17:27:52
2.jpg,USB无线网卡RTL8188CU台式机笔记本电脑wifi手机发射接收器外置AP,https://detail.1688.com/offer/861111865.html,425,15.00,0,2021-11-30 17:27:52
2.jpg,DM-HE05 RD9700 USB 网卡+2.0 HUB 3口集线器 电脑转RJ45有线网卡,https://detail.1688.com/offer/39912581415.html,3641,17.75,0,2021-11-30 17:27:52
2.jpg,USB TO RJ45 百兆网卡USB网线接口转换器带3口2.0HUB扩展,https://detail.1688.com/offer/587322260870.html,20,16.50,0,2021-11-30 17:27:52
2.jpg,USB3.0多合一手机相机笔记本内存卡 读卡器 SD/TF卡二合一读卡器,https://detail.1688.com/offer/630185207031.html,145,14.80,0,2021-11-30 17:27:52
2.jpg,工厂直供Hdmi屏幕拼接器一进四出高清多种模式合成器四画面显示器,https://detail.1688.com/offer/634334573569.html,0,650.00,0,2021-11-30 17:27:52
2.jpg,绿联读卡器多功能二合一usb3.0高速sd/tf内存大小卡手机电脑车载,https://detail.1688.com/offer/642939272243.html,15,25.90,0,2021-11-30 17:27:52
2.jpg,绿联读卡器usb3.0高速多功能合一大sd内存卡转换tf安卓type-c电脑,https://detail.1688.com/offer/651741274074.html,0,12.90,0,2021-11-30 17:27:52
2.jpg,type USB-c读卡器sd/tf卡USB3.1笔记本电脑安卓手机读卡器3.0 otg,https://detail.1688.com/offer/661969674187.html,0,3.50,0,2021-11-30 17:27:52
2.jpg,绿联读卡器多功能二合一usb3.0高速sd/tf内存大小卡手机电脑车载,https://detail.1688.com/offer/644347506198.html,0,25.90,0,2021-11-30 17:27:52
2.jpg,KVM延长器hdmi单网线转RJ45传输120米 200米鼠标键盘红外回传延长,https://detail.1688.com/offer/630722118531.html,453,200.00,0,2021-11-30 17:27:52
2.jpg,HOY hdmi屏幕拼接器一进四出高清多种模式合成器四画面显示处理器,https://detail.1688.com/offer/604105529539.html,5,680.00,0,2021-11-30 17:27:52
2.jpg,DM-HE08 RD9700 弯头micro USB网卡带3口 HUB安卓平板电脑转RJ45,https://detail.1688.com/offer/521799740375.html,5,22.00,0,2021-11-30 17:27:52
2.jpg,绿联读卡器多合一usb3.0高速sd转换器U盘迷你多功能相机内存tf卡,https://detail.1688.com/offer/582745947664.html,167,35.00,0,2021-11-30 17:27:52
2.jpg,DM-HF249 八进一出4K HDMI分割器8x1画面无缝切换器8口显示分屏器,https://detail.1688.com/offer/615758498182.html,0,893.75,0,2021-11-30 17:27:52
2.jpg,绿联usb3.0高速读卡器多合一sd大卡tf千安卓typec电脑两用otg小型,https://detail.1688.com/offer/644319422076.html,0,12.90,0,2021-11-30 17:27:52
2.jpg,USB3口转换器2.0 HUB百兆网卡RJ45扩展坞转 LANUSB网线接口,https://detail.1688.com/offer/654024569594.html,6,23.00,0,2021-11-30 17:27:52
2.jpg,DM-HE13 亚信AX88772A USB2.0 网卡 带3口HUB集线器转RJ45转换器,https://detail.1688.com/offer/39925216221.html,1861,37.38,0,2021-11-30 17:27:52
2.jpg,绿联读卡器3.0多合一sd高速多功能迷你手机tf相机内存卡万能通用,https://detail.1688.com/offer/585324591324.html,12,29.90,0,2021-11-30 17:27:52
2.jpg,USB网卡2.0usb2.0带线网口 USB转RJ45接口有线网卡外置10/100M,https://detail.1688.com/offer/551819989189.html,203,19.00,0,2021-11-30 17:27:52
2.jpg,绿联读卡器3.0多合一sd高速多功能迷你手机tf相机内存卡万能通用,https://detail.1688.com/offer/615880440420.html,0,29.90,0,2021-11-30 17:27:52
2.jpg,USB转RJ45百兆有线网口转换器+三口USB2.0hub 以太网外置网卡口,https://detail.1688.com/offer/612985469640.html,48,15.50,0,2021-11-30 17:27:52
3.jpg,SY世友铝合金638读卡器TF/SD/M2/MS金属铝壳四合一USB2.0,https://detail.1688.com/offer/39643548685.html,73369,2.84,3000,2021-11-30 17:29:37
3.jpg,铝合金中性祥云SY-638四合一多功能高速USB读卡器2.0 多卡读卡器,https://detail.1688.com/offer/587700611344.html,21941,2.60,1000,2021-11-30 17:29:37
3.jpg,晶华usb读卡器二合一相机sd卡转换器tf卡迷你多功能手机电脑通用,https://detail.1688.com/offer/624469425266.html,2945,3.90,1000,2021-11-30 17:29:37
3.jpg,多合一读卡器 多功能高速手机相机SD/TF/MS卡读卡器内存卡 迷你,https://detail.1688.com/offer/547707679111.html,3103,2.70,600,2021-11-30 17:29:37
3.jpg,迷你铝合金四合一2.0usb读卡器SD/MMC TF MS M2四卡槽功能 批发,https://detail.1688.com/offer/540694556599.html,467,4.30,300,2021-11-30 17:29:37
3.jpg,铝合金世友祥云SY-638四合一多功能高速USB读卡器2.0 多卡读卡器,https://detail.1688.com/offer/645670335907.html,785,2.89,300,2021-11-30 17:29:37
3.jpg,多合一内存卡读卡器SD/TF/MD/M2手机相机多功能USB读卡器厂家批发,https://detail.1688.com/offer/598326077160.html,1192,3.49,200,2021-11-30 17:29:37
3.jpg,铝合金四合一读卡器世友638读卡器多合一TF/SD读卡器铝壳读卡器,https://detail.1688.com/offer/534704236510.html,3940,2.80,100,2021-11-30 17:29:37
3.jpg,高速铝合金 多功能多合一 SD TF M2 MS相机内存卡读卡器,https://detail.1688.com/offer/553285970217.html,405,4.50,100,2021-11-30 17:29:37
3.jpg,京华厂家读卡器高速读卡器Micro SD卡二合一相机读卡器,https://detail.1688.com/offer/625283287568.html,388,3.00,100,2021-11-30 17:29:37
3.jpg,铝壳4合1 高速迷你铝合金 多合一读卡器 SD TF M2 MS读卡器跨境,https://detail.1688.com/offer/528322238424.html,544,4.50,60,2021-11-30 17:29:37
3.jpg,多合一内存卡读卡器SD/TF/MD/M2手机相机多功能USB读卡器厂家批发,https://detail.1688.com/offer/644660387360.html,130,3.49,40,2021-11-30 17:29:37
3.jpg,晶华USB二合一读卡器SD/TF卡多功能阅读器支持手机相机行车记录仪,https://detail.1688.com/offer/624795466885.html,50,3.50,20,2021-11-30 17:29:37
3.jpg,铝合金4合1多功能读卡器TF SD MS M2手机相机内存卡 USB2.0读卡器,https://detail.1688.com/offer/581826394840.html,64,6.00,10,2021-11-30 17:29:37
3.jpg,京华厂家读卡器高速读卡器Micro SD卡二合一相机读卡器,https://detail.1688.com/offer/654393499073.html,42,3.00,10,2021-11-30 17:29:37
3.jpg,铝合金USB2.0读卡器 四合一TF/SD/M2/MS金属读卡器 外贸优势供应,https://detail.1688.com/offer/652096283982.html,2,2.98,7,2021-11-30 17:29:37
3.jpg,迷你铝合金四合一2.0usb读卡器SD/MMC TF MS M2四卡槽多功能 批发,https://detail.1688.com/offer/624985491019.html,5,4.00,0,2021-11-30 17:29:37
3.jpg,638铝壳金属 多功能 四合一 usb2.0读卡器 TF/SD卡适用 跨境供应,https://detail.1688.com/offer/37023648518.html,390,2.40,0,2021-11-30 17:29:37
3.jpg,铝合金638多功能usb读卡器四合一MicroSD卡TF手机相机内存卡,https://detail.1688.com/offer/612902832606.html,1000,2.30,0,2021-11-30 17:29:37
3.jpg, [木+1子]四合一铝合金读卡器 多功能读卡器 相机读卡器,https://detail.1688.com/offer/611910661778.html,0,2.20,0,2021-11-30 17:29:37
3.jpg,010迷你铝合金tf sd卡读卡器 高速2.0迷你TF多合一内存电脑,https://detail.1688.com/offer/43820376210.html,114,4.30,0,2021-11-30 17:29:37
3.jpg,打火机读卡器刷卡器Micro USB读卡器多合一多功能读卡器,https://detail.1688.com/offer/591717240077.html,890,3.00,0,2021-11-30 17:29:37
3.jpg,厂家批发638铝合金四合一读卡器 多合一读卡器usb2.0读卡器批发,https://detail.1688.com/offer/614794041497.html,0,2.50,0,2021-11-30 17:29:37
3.jpg,USB多功能读卡器 2.0读卡器 4合一,https://detail.1688.com/offer/614059004350.html,0,4.00,0,2021-11-30 17:29:37
3.jpg,晶华usb读卡器二合一相机sd卡转换器tf卡迷你多功能手机电脑通用,https://detail.1688.com/offer/655413411605.html,20,3.90,0,2021-11-30 17:29:37
3.jpg,USB 2.0 All In 1 MMC Multi Memory Card Reader 0.78,https://detail.1688.com/offer/621795154947.html,0,6.48,0,2021-11-30 17:29:37
3.jpg,沣标FW50电池 微单A6000A5000 A5100 A6300微单相机a7r2 A7M2,https://detail.1688.com/offer/561668724629.html,30,45.00,0,2021-11-30 17:29:37
3.jpg,沣标NP-FW50电池 a6000 a7r2 a7m2 a6300微单相机a7 a5100 a5000,https://detail.1688.com/offer/572866114199.html,9,55.00,0,2021-11-30 17:29:37
3.jpg,DM-HF202 超高清1X4 2K*4K@60Hz版 HDMI2.0分配器 一进四出分屏器,https://detail.1688.com/offer/615339713101.html,156,121.88,0,2021-11-30 17:29:37
3.jpg,USB铝合金4合1读卡器 2.0多功能 高速读卡 SD TF M2 MS读卡器,https://detail.1688.com/offer/526971213621.html,15,3.50,0,2021-11-30 17:29:37
3.jpg,扬州 松下蓄电池12V150AH机房UPS应急电源LC-P12150ST太阳能/路灯,https://detail.1688.com/offer/641206770869.html,0,850.00,0,2021-11-30 17:29:37
3.jpg,无锡 松下Panasonic蓄电池LC-P12100ST 12V100AH免维护机房应急,https://detail.1688.com/offer/641546691386.html,0,580.00,0,2021-11-30 17:29:37
3.jpg,松下蓄电池12v150ah大量批发 量大从优 松下蓄电池LC-P12150,https://detail.1688.com/offer/597689945795.html,0,985.00,0,2021-11-30 17:29:37
3.jpg,现货供应沈阳松下蓄电池12v100AH 原装出厂质保三年松下LC-P12100,https://detail.1688.com/offer/597762315305.html,0,765.00,0,2021-11-30 17:29:37
3.jpg,LC-P12100ST松下 UPS蓄电池 12V100AH免维护蓄电池 直流屏专用,https://detail.1688.com/offer/616129460264.html,0,550.00,0,2021-11-30 17:29:37
3.jpg,现货供应沈阳松下12v100AH蓄电池 阀控密封蓄电池LC-PB12100参数,https://detail.1688.com/offer/592031193061.html,0,560.00,0,2021-11-30 17:29:37
3.jpg,沈阳松下蓄电池12v100AH 松下铅酸阀控蓄电池LC-P12100现货 包邮,https://detail.1688.com/offer/591806000027.html,0,650.00,0,2021-11-30 17:29:37
3.jpg,原装 ESP32-MINI-1(4MB)单核32-bit WiFi MCU模组物联网无线模块,https://detail.1688.com/offer/644122534234.html,10,15.80,0,2021-11-30 17:29:37
s-l225.jpg,跨境汽摩船双口usb智能快充 双QC3.0车载改装充电器12V24智能车充,https://detail.1688.com/offer/587191190905.html,16616,23.00,7000,2021-11-30 17:31:18
s-l225.jpg,汽车摩托/船 双USB车载手机充电器改装双光圈4.2A+双光圈4.2A,https://detail.1688.com/offer/608949326265.html,200,46.00,2000,2021-11-30 17:31:18
s-l225.jpg,改装车充带灯色指示灯组合款面板母座电压表4.2A双口车充带盖,https://detail.1688.com/offer/651265454122.html,85,17.00,1000,2021-11-30 17:31:18
s-l225.jpg,汽车房车改装配件双usb3.1A带光圈车载改装充电器东莞汽配件厂家,https://detail.1688.com/offer/558399387150.html,24303,15.00,800,2021-11-30 17:31:18
s-l225.jpg,2020新品3.1A带单光圈车载手机充电器汽车摩托车船舶改装车充配件,https://detail.1688.com/offer/565432396986.html,774,15.00,40,2021-11-30 17:31:18
s-l225.jpg,汽车摩托车车用车载usb改装接口 车充点烟器母座12v手机充电器,https://detail.1688.com/offer/655860054592.html,6,30.00,1,2021-11-30 17:31:18
s-l225.jpg,汽车改装双USB车充4.2A车载手机充电器12V彩屏电压表房车改装配件,https://detail.1688.com/offer/576010711192.html,22,65.00,0,2021-11-30 17:31:18
s-l225.jpg,20018新款房车汽车4.2A车充双usb车载手机充电器双光圈改装配件,https://detail.1688.com/offer/565609682211.html,876,18.00,0,2021-11-30 17:31:18
s-l225.jpg,供应汽车摩托车改装USB车充车载手机充电器白色LED灯5V4.2A双光圈,https://detail.1688.com/offer/559660854502.html,10226,18.00,0,2021-11-30 17:31:18
s-l225.jpg,改装双usb快速车充QC30车载充电器12v24v智能快充单光圈包邮,https://detail.1688.com/offer/653463583051.html,0,33.65,0,2021-11-30 17:31:18
s-l225.jpg,圆型认证船舶汽车用5V 4.2A 款带环形橙光LED灯 双USB车充,https://detail.1688.com/offer/634842061952.html,0,25.00,0,2021-11-30 17:31:18
s-l225.jpg,汽车摩托车改装点烟器双USB车充手机充电器电压表组合12-24V,https://detail.1688.com/offer/562640171526.html,0,46.00,0,2021-11-30 17:31:18
s-l225.jpg,汽车摩托车车用车载usb改装接口 车充点烟器母座12v手机充电器,https://detail.1688.com/offer/652906193644.html,0,31.00,0,2021-11-30 17:31:18
s-l225.jpg,迈宇改装12-24V带灯5V 3.1A新款双USB车充  车载手机充电器双光圈,https://detail.1688.com/offer/555987056219.html,32,30.00,0,2021-11-30 17:31:18
s-l225.jpg,绚丽款汽车游艇大巴车改装车充 5V 1A+2.1A双光圈双usb车载充电器,https://detail.1688.com/offer/550564078926.html,0,30.00,0,2021-11-30 17:31:18
s-l225.jpg,汽车摩托船舶房车改装双USB车充双光圈新款4.2车载手机usb充电器,https://detail.1688.com/offer/562521948688.html,522,18.00,0,2021-11-30 17:31:18
s-l225.jpg,汽车摩托车房车船4.2A车充双USB车载双光圈手机充电器改装,https://detail.1688.com/offer/584158643672.html,0,18.00,0,2021-11-30 17:31:18
s-l225.jpg,工厂直销 汽车摩托船房车车载充 4.2A双光圈双USB车充 加60cm线,https://detail.1688.com/offer/610113043655.html,4,19.00,0,2021-11-30 17:31:18
s-l225.jpg,工厂直销 汽车摩托车房车船 4.2A带光圈双USB 车载充电器,https://detail.1688.com/offer/607770367788.html,2,17.00,0,2021-11-30 17:31:18
s-l225.jpg,USB connector 12V to 5V 12-24V USB charger motorcycle dual U,https://detail.1688.com/offer/652767946037.html,0,25.11,0,2021-11-30 17:31:18
s-l225.jpg,汽车摩托车改装 5V 3.1A车充 车载点烟器USB插座 带灯双USB充电器,https://detail.1688.com/offer/535462897689.html,59905,20.00,0,2021-11-30 17:31:18
s-l225.jpg,摩托车踏板车汽车改装配件取电 双USB改装车载充电器USB车充12V,https://detail.1688.com/offer/529031300077.html,4190,25.00,0,2021-11-30 17:31:18
s-l225.jpg,厂家直销新品汽车改装车充 双口USB4.2A车载充电器 铝合金外壳HL,https://detail.1688.com/offer/588779077966.html,0,28.00,0,2021-11-30 17:31:18
s-l225.jpg,汽房车改装双USB车充带光圈+电压表+取电坐组合五色可选3.1A,https://detail.1688.com/offer/608708290361.html,2535,42.00,0,2021-11-30 17:31:18
s-l225.jpg,汽车摩托车房车船4.2A车充双USB车载双光圈手机充电器改装配件,https://detail.1688.com/offer/568810745038.html,0,25.00,0,2021-11-30 17:31:18
s-l225.jpg,汽车摩托车房车船2.1A车充双USB车载手机充电器改装DIY,https://detail.1688.com/offer/542049831466.html,0,15.00,0,2021-11-30 17:31:18
s-l225.jpg,厂家直销新品汽车改装经典黑色合金外壳车充 USB双2.1A车载充电器,https://detail.1688.com/offer/588940110194.html,0,28.00,0,2021-11-30 17:31:18
s-l225.jpg,厂家直销新品汽车改装宝蓝合金外壳双口车充 USB2.1A车载充电器,https://detail.1688.com/offer/588580740386.html,0,28.00,0,2021-11-30 17:31:18
s-l225.jpg,迈宇厂家 汽车摩托车房车游艇双USB车载充电器4.2A改装 双光圈,https://detail.1688.com/offer/554903371482.html,52646,23.00,0,2021-11-30 17:31:18
s-l225.jpg,汽车船艇摩托车手机充电器 双USB车充3.1A 红蓝绿橙白指示灯光,https://detail.1688.com/offer/528281446214.html,150,20.00,0,2021-11-30 17:31:18
s-l225.jpg,汽车摩托/房车船 双USB车载手机充电器改装配件双光圈YJ-DS2017,https://detail.1688.com/offer/558949843856.html,0,20.00,0,2021-11-30 17:31:18
s-l225.jpg,跨境热销12-24V汽车房车游艇通用改装双USB4.2A手机充电器升级款,https://detail.1688.com/offer/603186291633.html,35,22.00,0,2021-11-30 17:31:18
s-l225.jpg,船舶汽车用5V 4.2A CE认证带环形红光LED灯 双USB充电器,https://detail.1688.com/offer/542934960293.html,0,27.00,0,2021-11-30 17:31:18
s-l225.jpg,汽车摩托房车船用4.2A双USB手机充电器改装配件双光圈三色可选,https://detail.1688.com/offer/614148162351.html,0,15.65,0,2021-11-30 17:31:18
s-l225.jpg,汽车摩托车房车船用4.2A双USB车载手机充电器车充改装配件双光圈,https://detail.1688.com/offer/556017621460.html,231,20.00,0,2021-11-30 17:31:18
s-l225.jpg,12V/24V4.2A车载USB手机充电器彩屏电压表汽车/房车通用改装配件,https://detail.1688.com/offer/545553023766.html,405,63.00,0,2021-11-30 17:31:18
s-l225.jpg,汽摩船双口usb智能快充双QC3.0车载改装充电器12V24V光圈,https://detail.1688.com/offer/591766430843.html,51,25.00,0,2021-11-30 17:31:18
s-l225.jpg,12-24V双USB充电器带LED指示灯充电接口5V 3.1A可手机平板充电,https://detail.1688.com/offer/610336691847.html,0,23.00,0,2021-11-30 17:31:18
s-l225.jpg,跨境汽车摩托车房车船4.2A车充双USB车载双光圈手机充电器改装件,https://detail.1688.com/offer/649010144601.html,0,15.00,0,2021-11-30 17:31:18
s-l225.jpg,车载充电器公交大巴车充电器|沙发茶几家具手机双USB5v4.2a充电器,https://detail.1688.com/offer/565619064113.html,2635,19.00,0,2021-11-30 17:31:18
1.jpg,工厂私模type-c读卡器usb 3.0读卡器多合一适用苹果otg读卡器手机,https://detail.1688.com/offer/569628761043.html,477202,6.40,80000,2021-11-30 18:57:41
1.jpg,读卡器多功能OTG读卡器ABS现货USB多合一type-c手机读卡器tf配件,https://detail.1688.com/offer/554006833464.html,145294,11.80,20000,2021-11-30 18:57:41
1.jpg,适用苹果读卡器SD手机OTG读卡器四合一TYPE-C读卡器USB配件亚马逊,https://detail.1688.com/offer/631799137340.html,6341,17.40,8000,2021-11-30 18:57:41
1.jpg,厂家批发高速OTG安卓micro SD/SD卡/USB手机读卡TF相机读卡器2.0,https://detail.1688.com/offer/567079004168.html,12242,6.80,3000,2021-11-30 18:57:41
1.jpg,USB3.0高速读卡器TYPE-C手机平板电脑双用OTG SD/TF二合一读卡器,https://detail.1688.com/offer/658184395065.html,200,14.00,3000,2021-11-30 18:57:41
1.jpg,OTG读卡器 USB 2.0多功能读卡器SD卡 64G手机 TF读卡器 实力工厂,https://detail.1688.com/offer/565188147614.html,39527,6.50,1000,2021-11-30 18:57:41
1.jpg,OTG读卡器 micro SD/SD卡/USB手机读卡TF高速2.0二合一读卡器私模,https://detail.1688.com/offer/591554507835.html,1504,6.50,1000,2021-11-30 18:57:41
1.jpg,otg读卡器 micro SD/SD卡/USB手机读卡TF2.0读卡器,https://detail.1688.com/offer/550503415410.html,145835,7.00,700,2021-11-30 18:57:41
1.jpg,工厂直销usb读卡器多功能二合一读卡器高速手机tf读卡器读卡器tf,https://detail.1688.com/offer/653260482419.html,651,7.00,600,2021-11-30 18:57:41
1.jpg,新款私模type-c读卡器usb 3.0读卡器多合一适用苹果otg读卡器手机,https://detail.1688.com/offer/639964318525.html,92,7.50,200,2021-11-30 18:57:41
1.jpg,Type-C 3.1读卡器多合一读卡器安卓手机二合一俩用 OTG读卡器,https://detail.1688.com/offer/582400064775.html,298,6.25,100,2021-11-30 18:57:41
1.jpg,多功能读卡器三合一OTG读卡器SD卡 TF卡读卡器 USB/Type-C接口,https://detail.1688.com/offer/638039226497.html,63,9.00,100,2021-11-30 18:57:41
1.jpg,私模款 三合一读卡器 Type-c/USB/OTG手机读卡器 SD/TF存储卡,https://detail.1688.com/offer/612946546002.html,415,13.00,100,2021-11-30 18:57:41
1.jpg,2021 type-c读卡器三用OTG读卡器 TF手机USB读卡器USB-C三合一2.0,https://detail.1688.com/offer/565460671206.html,778,12.00,60,2021-11-30 18:57:41
1.jpg,type-c多功能读卡器usb 3.0适用苹果otg读卡器TF SD卡厂家直销,https://detail.1688.com/offer/584130811143.html,106,22.00,50,2021-11-30 18:57:41
1.jpg,电脑读卡器 SD/TF存储卡多功能OTG手机Micro USB读卡器 工厂批发,https://detail.1688.com/offer/599937451463.html,2658,6.50,20,2021-11-30 18:57:41
1.jpg,工厂私模type-c读卡器usb 3.0读卡器多合一适用苹果otg读卡器手机,https://detail.1688.com/offer/652189672362.html,3,8.52,0,2021-11-30 18:57:41
1.jpg,USB 2.0多功能读卡器OTG读卡器SD卡64G手机TF读卡器厂家直销,https://detail.1688.com/offer/583865081197.html,197,7.50,0,2021-11-30 18:57:41
1.jpg,Type-c安卓手机电脑三合一SD/TF读卡器usb-c平板OTG转换头,https://detail.1688.com/offer/570642496507.html,0,12.14,0,2021-11-30 18:57:41
1.jpg,安卓OTG读卡器 micro SD/SD卡/USB手机读卡TF高速2.0多功能读,https://detail.1688.com/offer/561717819261.html,126,8.50,0,2021-11-30 18:57:41
1.jpg,OTG读卡器micro SD/SD卡/USB手机读卡TF高速2.0多合一读卡器批发,https://detail.1688.com/offer/576451834639.html,28,8.50,0,2021-11-30 18:57:41
1.jpg,YC310工厂OTG读卡器USB 2.0读卡器SD卡64G手机TF读卡器私模,https://detail.1688.com/offer/638868450097.html,2,7.00,0,2021-11-30 18:57:41
1.jpg,USB OTG Card Reader Flash Drive 2.0 TF/SD  Android Computer,https://detail.1688.com/offer/627158277363.html,12,9.99,0,2021-11-30 18:57:41
1.jpg,OTG读卡器 micro SD/SD卡/USB手机读卡TF高速2.0多功能读卡器私模,https://detail.1688.com/offer/660353502329.html,0,7.40,0,2021-11-30 18:57:41
1.jpg,读卡器 多功能 适用USB type C安卓micro Usb otg SD TF sim4合一,https://detail.1688.com/offer/607069037748.html,165,12.74,0,2021-11-30 18:57:41
1.jpg,type-c多功能读卡器TF手机USB读卡器USB-C三合一OTG厂家直销,https://detail.1688.com/offer/583865349914.html,122,14.00,0,2021-11-30 18:57:41
1.jpg,type-c读卡器OTG读卡器USB三合一micro SD手机读卡器TF跨境,https://detail.1688.com/offer/617189742917.html,8,12.00,0,2021-11-30 18:57:41
1.jpg,type-c OTG读卡器 micro SD/SD卡/多功能读卡器 适用平果ma,https://detail.1688.com/offer/565451491618.html,355,14.00,0,2021-11-30 18:57:41
1.jpg,YC320 type-c读卡器OTG读卡器 TF手机USB读卡器USB-C三合一,https://detail.1688.com/offer/616774799479.html,0,13.50,0,2021-11-30 18:57:41
1.jpg,读卡器type-c读卡器usb 3.0读卡器tf相机sd读卡器,https://detail.1688.com/offer/582967234430.html,1041,28.00,0,2021-11-30 18:57:41
1.jpg,4 in 1 smart card reader for android otg card reader USB 2.0,https://detail.1688.com/offer/630510360064.html,0,14.90,0,2021-11-30 18:57:41
1.jpg,适用type-c 多功能OTG读卡器 micro SD/SD卡/多功能USB手机,https://detail.1688.com/offer/565304325822.html,25,14.00,0,2021-11-30 18:57:41
1.jpg,厂销批发 USB高速读卡器TYPE-C手机电脑双用OTG2.0 SD/TF二合一,https://detail.1688.com/offer/659090328466.html,0,18.88,0,2021-11-30 18:57:41
1.jpg,适用苹果type-c多功能usb读卡器otg手机智能三合一TF,https://detail.1688.com/offer/639190205053.html,25,11.50,0,2021-11-30 18:57:41
1.jpg,电脑安卓手机两用type-c多功能合一OTG读卡器迷你TF相机SD卡,https://detail.1688.com/offer/607907705155.html,577,12.00,0,2021-11-30 18:57:41
1.jpg,USB 2.0 OTG Micro SD/SDXC TF Card Reader Adapter U Disk drop,https://detail.1688.com/offer/620270753172.html,0,21.60,0,2021-11-30 18:57:41
1.jpg,适用于TYPE-C3.1多功能读卡器 USB-C三合一TF/SD读卡器多功能,https://detail.1688.com/offer/591491180273.html,50,12.00,0,2021-11-30 18:57:41
1.jpg,适用于TYPE-C3.1多功能读卡器 USB-C三合一TF/SD读卡器多功能,https://detail.1688.com/offer/639738175706.html,0,12.00,0,2021-11-30 18:57:41
1.jpg,Typec 读卡器 USB 读卡器 micro读卡器 三合一读卡TF SD cardread,https://detail.1688.com/offer/630352130013.html,950,12.50,0,2021-11-30 18:57:41
2.jpg,拼接器 4口拼接器 4K2*2拼接器 多屏宝,https://detail.1688.com/offer/580184692660.html,768,1200.00,210000,2021-11-30 18:59:32
2.jpg,USB TO RJ45 LAN百兆网卡USB网线接口转换器带3口2.0HUB扩展,https://detail.1688.com/offer/585547298108.html,12267,18.00,10000,2021-11-30 18:59:32
2.jpg,测莫桑石笔 钻石莫桑石 莫桑石检测仪 测钻笔 不带电池,https://detail.1688.com/offer/588860022326.html,8715,55.00,10000,2021-11-30 18:59:32
2.jpg,USB2.0转RJ45百兆网卡带3USB口 台式机笔记本以太网卡 厂家批发,https://detail.1688.com/offer/574183479082.html,2215,18.50,2000,2021-11-30 18:59:32
2.jpg,USB外接有线网卡 3USBHUB usb转RJ45网线接口免驱支持WIN10,https://detail.1688.com/offer/569292702843.html,1743,19.50,1000,2021-11-30 18:59:32
2.jpg,厂家热销USB3.0读卡器 SD/TF高速多功能双卡二合一读卡器,https://detail.1688.com/offer/541900273552.html,10406,12.00,1000,2021-11-30 18:59:32
2.jpg,KVM网线延长器KVM网络IP转rj4带USB鼠键 200米一对多usb光纤接口,https://detail.1688.com/offer/610962075542.html,352,420.00,300,2021-11-30 18:59:32
2.jpg,USB3.0读卡器多合一读卡器3.0高速SD/TF支持SDXC64G迷你小巧,https://detail.1688.com/offer/555406111178.html,2476,13.00,8,2021-11-30 18:59:32
2.jpg,工厂直销USB多功能3.0高速读卡器TF手机卡SD相机卡二合一数据传输,https://detail.1688.com/offer/623769511198.html,65,10.50,0,2021-11-30 18:59:32
2.jpg,3口HUB网卡 USB有线网卡 3口HUB USB网卡HUB USB转rj45接口有线网,https://detail.1688.com/offer/541045577844.html,2,16.00,0,2021-11-30 18:59:32
2.jpg,DM-HE29 RTL8152B micro usb 网卡 安卓平板电脑带OTG HUB集线器,https://detail.1688.com/offer/533283236470.html,1528,22.50,0,2021-11-30 18:59:32
2.jpg,usb网卡带3口hub usb to rj45 2.0有线网卡 百兆 RTL8152B 免驱动,https://detail.1688.com/offer/575446435271.html,0,19.00,0,2021-11-30 18:59:32
2.jpg,DM-HE17 RTL8152B迷你mini usb网卡带3口2.0 HUB OTG安卓电脑RJ45,https://detail.1688.com/offer/521799497532.html,0,26.25,0,2021-11-30 18:59:32
2.jpg,DM-HE16 亚信AX88772A 弯头Micro USB 网卡+3口 2.0 HUB 安卓OTG,https://detail.1688.com/offer/42924605338.html,1,43.50,0,2021-11-30 18:59:32
2.jpg,DM-HE24 RTL8152B 免驱USB2.0 网卡 带3口 HUB集线器有线外置网卡,https://detail.1688.com/offer/521824462457.html,627,22.12,0,2021-11-30 18:59:32
2.jpg,绿联读卡器多功能合一usb3.0高速内存tf/sd大卡安卓手机电脑U盘一,https://detail.1688.com/offer/651797435574.html,0,25.90,0,2021-11-30 18:59:32
2.jpg,绿联读卡器多合一万能usb3.0高速sd卡转换器U盘车载通用二合一,https://detail.1688.com/offer/577128309131.html,4,25.90,0,2021-11-30 18:59:32
2.jpg,DM-HE14 亚信AX88772A 迷你Mini USB 网卡 带3口HUB 安卓平板OTG,https://detail.1688.com/offer/42942368467.html,0,41.75,0,2021-11-30 18:59:32
2.jpg,USB免驱网卡HUB2.0集线器多功能一体台式机笔记本有线组合卡电脑,https://detail.1688.com/offer/563793331353.html,50,20.00,0,2021-11-30 18:59:32
2.jpg,USB无线网卡RTL8188CU台式机笔记本电脑wifi手机发射接收器外置AP,https://detail.1688.com/offer/861111865.html,425,15.00,0,2021-11-30 18:59:32
2.jpg,DM-HE05 RD9700 USB 网卡+2.0 HUB 3口集线器 电脑转RJ45有线网卡,https://detail.1688.com/offer/39912581415.html,3641,17.75,0,2021-11-30 18:59:32
2.jpg,USB TO RJ45 百兆网卡USB网线接口转换器带3口2.0HUB扩展,https://detail.1688.com/offer/587322260870.html,20,16.50,0,2021-11-30 18:59:32
2.jpg,USB3.0多合一手机相机笔记本内存卡 读卡器 SD/TF卡二合一读卡器,https://detail.1688.com/offer/630185207031.html,145,14.80,0,2021-11-30 18:59:32
2.jpg,工厂直供Hdmi屏幕拼接器一进四出高清多种模式合成器四画面显示器,https://detail.1688.com/offer/634334573569.html,0,650.00,0,2021-11-30 18:59:32
2.jpg,绿联读卡器多功能二合一usb3.0高速sd/tf内存大小卡手机电脑车载,https://detail.1688.com/offer/642939272243.html,15,25.90,0,2021-11-30 18:59:32
2.jpg,绿联读卡器usb3.0高速多功能合一大sd内存卡转换tf安卓type-c电脑,https://detail.1688.com/offer/651741274074.html,0,12.90,0,2021-11-30 18:59:32
2.jpg,type USB-c读卡器sd/tf卡USB3.1笔记本电脑安卓手机读卡器3.0 otg,https://detail.1688.com/offer/661969674187.html,0,3.50,0,2021-11-30 18:59:32
2.jpg,绿联读卡器多功能二合一usb3.0高速sd/tf内存大小卡手机电脑车载,https://detail.1688.com/offer/644347506198.html,0,25.90,0,2021-11-30 18:59:32
2.jpg,KVM延长器hdmi单网线转RJ45传输120米 200米鼠标键盘红外回传延长,https://detail.1688.com/offer/630722118531.html,453,200.00,0,2021-11-30 18:59:32
2.jpg,HOY hdmi屏幕拼接器一进四出高清多种模式合成器四画面显示处理器,https://detail.1688.com/offer/604105529539.html,5,680.00,0,2021-11-30 18:59:32
2.jpg,DM-HE08 RD9700 弯头micro USB网卡带3口 HUB安卓平板电脑转RJ45,https://detail.1688.com/offer/521799740375.html,5,22.00,0,2021-11-30 18:59:32
2.jpg,绿联读卡器多合一usb3.0高速sd转换器U盘迷你多功能相机内存tf卡,https://detail.1688.com/offer/582745947664.html,167,35.00,0,2021-11-30 18:59:32
2.jpg,DM-HF249 八进一出4K HDMI分割器8x1画面无缝切换器8口显示分屏器,https://detail.1688.com/offer/615758498182.html,0,893.75,0,2021-11-30 18:59:32
2.jpg,绿联usb3.0高速读卡器多合一sd大卡tf千安卓typec电脑两用otg小型,https://detail.1688.com/offer/644319422076.html,0,12.90,0,2021-11-30 18:59:32
2.jpg,USB3口转换器2.0 HUB百兆网卡RJ45扩展坞转 LANUSB网线接口,https://detail.1688.com/offer/654024569594.html,6,23.00,0,2021-11-30 18:59:32
2.jpg,DM-HE13 亚信AX88772A USB2.0 网卡 带3口HUB集线器转RJ45转换器,https://detail.1688.com/offer/39925216221.html,1861,37.38,0,2021-11-30 18:59:32
2.jpg,绿联读卡器3.0多合一sd高速多功能迷你手机tf相机内存卡万能通用,https://detail.1688.com/offer/585324591324.html,12,29.90,0,2021-11-30 18:59:32
2.jpg,USB网卡2.0usb2.0带线网口 USB转RJ45接口有线网卡外置10/100M,https://detail.1688.com/offer/551819989189.html,203,19.00,0,2021-11-30 18:59:32
2.jpg,绿联读卡器3.0多合一sd高速多功能迷你手机tf相机内存卡万能通用,https://detail.1688.com/offer/615880440420.html,0,29.90,0,2021-11-30 18:59:32
2.jpg,USB转RJ45百兆有线网口转换器+三口USB2.0hub 以太网外置网卡口,https://detail.1688.com/offer/612985469640.html,48,15.50,0,2021-11-30 18:59:32
3.jpg,SY世友铝合金638读卡器TF/SD/M2/MS金属铝壳四合一USB2.0,https://detail.1688.com/offer/39643548685.html,73369,2.84,3000,2021-11-30 19:01:18
3.jpg,铝合金中性祥云SY-638四合一多功能高速USB读卡器2.0 多卡读卡器,https://detail.1688.com/offer/587700611344.html,21941,2.60,1000,2021-11-30 19:01:18
3.jpg,晶华usb读卡器二合一相机sd卡转换器tf卡迷你多功能手机电脑通用,https://detail.1688.com/offer/624469425266.html,2945,3.90,1000,2021-11-30 19:01:18
3.jpg,多合一读卡器 多功能高速手机相机SD/TF/MS卡读卡器内存卡 迷你,https://detail.1688.com/offer/547707679111.html,3103,2.70,600,2021-11-30 19:01:18
3.jpg,迷你铝合金四合一2.0usb读卡器SD/MMC TF MS M2四卡槽功能 批发,https://detail.1688.com/offer/540694556599.html,467,4.30,300,2021-11-30 19:01:18
3.jpg,铝合金世友祥云SY-638四合一多功能高速USB读卡器2.0 多卡读卡器,https://detail.1688.com/offer/645670335907.html,785,2.89,300,2021-11-30 19:01:18
3.jpg,多合一内存卡读卡器SD/TF/MD/M2手机相机多功能USB读卡器厂家批发,https://detail.1688.com/offer/598326077160.html,1192,3.49,200,2021-11-30 19:01:18
3.jpg,铝合金四合一读卡器世友638读卡器多合一TF/SD读卡器铝壳读卡器,https://detail.1688.com/offer/534704236510.html,3940,2.80,100,2021-11-30 19:01:18
3.jpg,高速铝合金 多功能多合一 SD TF M2 MS相机内存卡读卡器,https://detail.1688.com/offer/553285970217.html,405,4.50,100,2021-11-30 19:01:18
3.jpg,京华厂家读卡器高速读卡器Micro SD卡二合一相机读卡器,https://detail.1688.com/offer/625283287568.html,388,3.00,100,2021-11-30 19:01:18
3.jpg,铝壳4合1 高速迷你铝合金 多合一读卡器 SD TF M2 MS读卡器跨境,https://detail.1688.com/offer/528322238424.html,544,4.50,60,2021-11-30 19:01:18
3.jpg,多合一内存卡读卡器SD/TF/MD/M2手机相机多功能USB读卡器厂家批发,https://detail.1688.com/offer/644660387360.html,130,3.49,40,2021-11-30 19:01:18
3.jpg,晶华USB二合一读卡器SD/TF卡多功能阅读器支持手机相机行车记录仪,https://detail.1688.com/offer/624795466885.html,50,3.50,20,2021-11-30 19:01:18
3.jpg,铝合金4合1多功能读卡器TF SD MS M2手机相机内存卡 USB2.0读卡器,https://detail.1688.com/offer/581826394840.html,64,6.00,10,2021-11-30 19:01:18
3.jpg,京华厂家读卡器高速读卡器Micro SD卡二合一相机读卡器,https://detail.1688.com/offer/654393499073.html,42,3.00,10,2021-11-30 19:01:18
3.jpg,铝合金USB2.0读卡器 四合一TF/SD/M2/MS金属读卡器 外贸优势供应,https://detail.1688.com/offer/652096283982.html,2,2.98,7,2021-11-30 19:01:18
3.jpg,迷你铝合金四合一2.0usb读卡器SD/MMC TF MS M2四卡槽多功能 批发,https://detail.1688.com/offer/624985491019.html,5,4.00,0,2021-11-30 19:01:18
3.jpg,638铝壳金属 多功能 四合一 usb2.0读卡器 TF/SD卡适用 跨境供应,https://detail.1688.com/offer/37023648518.html,390,2.40,0,2021-11-30 19:01:18
3.jpg,铝合金638多功能usb读卡器四合一MicroSD卡TF手机相机内存卡,https://detail.1688.com/offer/612902832606.html,1000,2.30,0,2021-11-30 19:01:18
3.jpg, [木+1子]四合一铝合金读卡器 多功能读卡器 相机读卡器,https://detail.1688.com/offer/611910661778.html,0,2.20,0,2021-11-30 19:01:18
3.jpg,010迷你铝合金tf sd卡读卡器 高速2.0迷你TF多合一内存电脑,https://detail.1688.com/offer/43820376210.html,114,4.30,0,2021-11-30 19:01:18
3.jpg,打火机读卡器刷卡器Micro USB读卡器多合一多功能读卡器,https://detail.1688.com/offer/591717240077.html,890,3.00,0,2021-11-30 19:01:18
3.jpg,厂家批发638铝合金四合一读卡器 多合一读卡器usb2.0读卡器批发,https://detail.1688.com/offer/614794041497.html,0,2.50,0,2021-11-30 19:01:18
3.jpg,USB多功能读卡器 2.0读卡器 4合一,https://detail.1688.com/offer/614059004350.html,0,4.00,0,2021-11-30 19:01:18
3.jpg,晶华usb读卡器二合一相机sd卡转换器tf卡迷你多功能手机电脑通用,https://detail.1688.com/offer/655413411605.html,20,3.90,0,2021-11-30 19:01:18
3.jpg,USB 2.0 All In 1 MMC Multi Memory Card Reader 0.78,https://detail.1688.com/offer/621795154947.html,0,6.48,0,2021-11-30 19:01:18
3.jpg,沣标FW50电池 微单A6000A5000 A5100 A6300微单相机a7r2 A7M2,https://detail.1688.com/offer/561668724629.html,30,45.00,0,2021-11-30 19:01:18
3.jpg,沣标NP-FW50电池 a6000 a7r2 a7m2 a6300微单相机a7 a5100 a5000,https://detail.1688.com/offer/572866114199.html,9,55.00,0,2021-11-30 19:01:18
3.jpg,DM-HF202 超高清1X4 2K*4K@60Hz版 HDMI2.0分配器 一进四出分屏器,https://detail.1688.com/offer/615339713101.html,156,121.88,0,2021-11-30 19:01:18
3.jpg,USB铝合金4合1读卡器 2.0多功能 高速读卡 SD TF M2 MS读卡器,https://detail.1688.com/offer/526971213621.html,15,3.50,0,2021-11-30 19:01:18
3.jpg,扬州 松下蓄电池12V150AH机房UPS应急电源LC-P12150ST太阳能/路灯,https://detail.1688.com/offer/641206770869.html,0,850.00,0,2021-11-30 19:01:18
3.jpg,无锡 松下Panasonic蓄电池LC-P12100ST 12V100AH免维护机房应急,https://detail.1688.com/offer/641546691386.html,0,580.00,0,2021-11-30 19:01:18
3.jpg,松下蓄电池12v150ah大量批发 量大从优 松下蓄电池LC-P12150,https://detail.1688.com/offer/597689945795.html,0,985.00,0,2021-11-30 19:01:18
3.jpg,现货供应沈阳松下蓄电池12v100AH 原装出厂质保三年松下LC-P12100,https://detail.1688.com/offer/597762315305.html,0,765.00,0,2021-11-30 19:01:18
3.jpg,LC-P12100ST松下 UPS蓄电池 12V100AH免维护蓄电池 直流屏专用,https://detail.1688.com/offer/616129460264.html,0,550.00,0,2021-11-30 19:01:18
3.jpg,现货供应沈阳松下12v100AH蓄电池 阀控密封蓄电池LC-PB12100参数,https://detail.1688.com/offer/592031193061.html,0,560.00,0,2021-11-30 19:01:18
3.jpg,沈阳松下蓄电池12v100AH 松下铅酸阀控蓄电池LC-P12100现货 包邮,https://detail.1688.com/offer/591806000027.html,0,650.00,0,2021-11-30 19:01:18
3.jpg,原装 ESP32-MINI-1(4MB)单核32-bit WiFi MCU模组物联网无线模块,https://detail.1688.com/offer/644122534234.html,10,15.80,0,2021-11-30 19:01:18
s-l225.jpg,跨境汽摩船双口usb智能快充 双QC3.0车载改装充电器12V24智能车充,https://detail.1688.com/offer/587191190905.html,16616,23.00,7000,2021-11-30 19:03:16
s-l225.jpg,汽车摩托/船 双USB车载手机充电器改装双光圈4.2A+双光圈4.2A,https://detail.1688.com/offer/608949326265.html,200,46.00,2000,2021-11-30 19:03:16
s-l225.jpg,改装车充带灯色指示灯组合款面板母座电压表4.2A双口车充带盖,https://detail.1688.com/offer/651265454122.html,85,17.00,1000,2021-11-30 19:03:16
s-l225.jpg,汽车房车改装配件双usb3.1A带光圈车载改装充电器东莞汽配件厂家,https://detail.1688.com/offer/558399387150.html,24303,15.00,800,2021-11-30 19:03:16
s-l225.jpg,2020新品3.1A带单光圈车载手机充电器汽车摩托车船舶改装车充配件,https://detail.1688.com/offer/565432396986.html,774,15.00,40,2021-11-30 19:03:16
s-l225.jpg,汽车摩托车车用车载usb改装接口 车充点烟器母座12v手机充电器,https://detail.1688.com/offer/655860054592.html,6,30.00,1,2021-11-30 19:03:16
s-l225.jpg,汽车改装双USB车充4.2A车载手机充电器12V彩屏电压表房车改装配件,https://detail.1688.com/offer/576010711192.html,22,65.00,0,2021-11-30 19:03:16
s-l225.jpg,20018新款房车汽车4.2A车充双usb车载手机充电器双光圈改装配件,https://detail.1688.com/offer/565609682211.html,876,18.00,0,2021-11-30 19:03:16
s-l225.jpg,供应汽车摩托车改装USB车充车载手机充电器白色LED灯5V4.2A双光圈,https://detail.1688.com/offer/559660854502.html,10226,18.00,0,2021-11-30 19:03:16
s-l225.jpg,改装双usb快速车充QC30车载充电器12v24v智能快充单光圈包邮,https://detail.1688.com/offer/653463583051.html,0,33.65,0,2021-11-30 19:03:16
s-l225.jpg,圆型认证船舶汽车用5V 4.2A 款带环形橙光LED灯 双USB车充,https://detail.1688.com/offer/634842061952.html,0,25.00,0,2021-11-30 19:03:16
s-l225.jpg,汽车摩托车改装点烟器双USB车充手机充电器电压表组合12-24V,https://detail.1688.com/offer/562640171526.html,0,46.00,0,2021-11-30 19:03:16
s-l225.jpg,汽车摩托车车用车载usb改装接口 车充点烟器母座12v手机充电器,https://detail.1688.com/offer/652906193644.html,0,31.00,0,2021-11-30 19:03:16
s-l225.jpg,迈宇改装12-24V带灯5V 3.1A新款双USB车充  车载手机充电器双光圈,https://detail.1688.com/offer/555987056219.html,32,30.00,0,2021-11-30 19:03:16
s-l225.jpg,绚丽款汽车游艇大巴车改装车充 5V 1A+2.1A双光圈双usb车载充电器,https://detail.1688.com/offer/550564078926.html,0,30.00,0,2021-11-30 19:03:16
s-l225.jpg,汽车摩托船舶房车改装双USB车充双光圈新款4.2车载手机usb充电器,https://detail.1688.com/offer/562521948688.html,522,18.00,0,2021-11-30 19:03:16
s-l225.jpg,汽车摩托车房车船4.2A车充双USB车载双光圈手机充电器改装,https://detail.1688.com/offer/584158643672.html,0,18.00,0,2021-11-30 19:03:16
s-l225.jpg,工厂直销 汽车摩托船房车车载充 4.2A双光圈双USB车充 加60cm线,https://detail.1688.com/offer/610113043655.html,4,19.00,0,2021-11-30 19:03:16
s-l225.jpg,工厂直销 汽车摩托车房车船 4.2A带光圈双USB 车载充电器,https://detail.1688.com/offer/607770367788.html,2,17.00,0,2021-11-30 19:03:16
s-l225.jpg,USB connector 12V to 5V 12-24V USB charger motorcycle dual U,https://detail.1688.com/offer/652767946037.html,0,25.11,0,2021-11-30 19:03:16
s-l225.jpg,汽车摩托车改装 5V 3.1A车充 车载点烟器USB插座 带灯双USB充电器,https://detail.1688.com/offer/535462897689.html,59905,20.00,0,2021-11-30 19:03:16
s-l225.jpg,摩托车踏板车汽车改装配件取电 双USB改装车载充电器USB车充12V,https://detail.1688.com/offer/529031300077.html,4190,25.00,0,2021-11-30 19:03:16
s-l225.jpg,厂家直销新品汽车改装车充 双口USB4.2A车载充电器 铝合金外壳HL,https://detail.1688.com/offer/588779077966.html,0,28.00,0,2021-11-30 19:03:16
s-l225.jpg,汽房车改装双USB车充带光圈+电压表+取电坐组合五色可选3.1A,https://detail.1688.com/offer/608708290361.html,2535,42.00,0,2021-11-30 19:03:16
s-l225.jpg,汽车摩托车房车船4.2A车充双USB车载双光圈手机充电器改装配件,https://detail.1688.com/offer/568810745038.html,0,25.00,0,2021-11-30 19:03:16
s-l225.jpg,汽车摩托车房车船2.1A车充双USB车载手机充电器改装DIY,https://detail.1688.com/offer/542049831466.html,0,15.00,0,2021-11-30 19:03:16
s-l225.jpg,厂家直销新品汽车改装经典黑色合金外壳车充 USB双2.1A车载充电器,https://detail.1688.com/offer/588940110194.html,0,28.00,0,2021-11-30 19:03:16
s-l225.jpg,厂家直销新品汽车改装宝蓝合金外壳双口车充 USB2.1A车载充电器,https://detail.1688.com/offer/588580740386.html,0,28.00,0,2021-11-30 19:03:16
s-l225.jpg,迈宇厂家 汽车摩托车房车游艇双USB车载充电器4.2A改装 双光圈,https://detail.1688.com/offer/554903371482.html,52646,23.00,0,2021-11-30 19:03:16
s-l225.jpg,汽车船艇摩托车手机充电器 双USB车充3.1A 红蓝绿橙白指示灯光,https://detail.1688.com/offer/528281446214.html,150,20.00,0,2021-11-30 19:03:16
s-l225.jpg,汽车摩托/房车船 双USB车载手机充电器改装配件双光圈YJ-DS2017,https://detail.1688.com/offer/558949843856.html,0,20.00,0,2021-11-30 19:03:16
s-l225.jpg,跨境热销12-24V汽车房车游艇通用改装双USB4.2A手机充电器升级款,https://detail.1688.com/offer/603186291633.html,35,22.00,0,2021-11-30 19:03:16
s-l225.jpg,船舶汽车用5V 4.2A CE认证带环形红光LED灯 双USB充电器,https://detail.1688.com/offer/542934960293.html,0,27.00,0,2021-11-30 19:03:16
s-l225.jpg,汽车摩托房车船用4.2A双USB手机充电器改装配件双光圈三色可选,https://detail.1688.com/offer/614148162351.html,0,15.65,0,2021-11-30 19:03:16
s-l225.jpg,汽车摩托车房车船用4.2A双USB车载手机充电器车充改装配件双光圈,https://detail.1688.com/offer/556017621460.html,231,20.00,0,2021-11-30 19:03:16
s-l225.jpg,12V/24V4.2A车载USB手机充电器彩屏电压表汽车/房车通用改装配件,https://detail.1688.com/offer/545553023766.html,405,63.00,0,2021-11-30 19:03:16
s-l225.jpg,汽摩船双口usb智能快充双QC3.0车载改装充电器12V24V光圈,https://detail.1688.com/offer/591766430843.html,51,25.00,0,2021-11-30 19:03:16
s-l225.jpg,12-24V双USB充电器带LED指示灯充电接口5V 3.1A可手机平板充电,https://detail.1688.com/offer/610336691847.html,0,23.00,0,2021-11-30 19:03:16
s-l225.jpg,跨境汽车摩托车房车船4.2A车充双USB车载双光圈手机充电器改装件,https://detail.1688.com/offer/649010144601.html,0,15.00,0,2021-11-30 19:03:16
s-l225.jpg,车载充电器公交大巴车充电器|沙发茶几家具手机双USB5v4.2a充电器,https://detail.1688.com/offer/565619064113.html,2635,19.00,0,2021-11-30 19:03:16
